createdAt,twitId,twitContent,userId,userName,location,retweet,like,userImg,tag,type,profile,screen_name,description,url,followers_count,friends_count,protected,listed_count,created_at,verified,statuses_count
2022-11-28 17:54:18+00:00,1597287781814128641," @Casemiros winner has booked Brazils place in the knockout stages of the #WorldCup! 

#MUFC https://t.co/kkoJY8epmp",558797310,ManUtd,"Old Trafford, Manchester",2348,24297,https://pbs.twimg.com/profile_images/1592070746012061696/YGC546t7_normal.jpg,,,https://pbs.twimg.com/profile_images/1592070746012061696/YGC546t7_normal.jpg,ManUtd,"Up to anything this Saturday, @ManUtdWomen? üëÄ",https://t.co/bLaxpoS923,34083459,174,False,26356,2012-04-20 15:17:43+00:00,True,77856
2022-11-28 17:40:30+00:00,1597284312432320512,"CASEMIROOOO  

#MUFC || #WorldCup",558797310,ManUtd,"Old Trafford, Manchester",4137,40831,https://pbs.twimg.com/profile_images/1592070746012061696/YGC546t7_normal.jpg,,,https://pbs.twimg.com/profile_images/1592070746012061696/YGC546t7_normal.jpg,ManUtd,"Up to anything this Saturday, @ManUtdWomen? üëÄ",https://t.co/bLaxpoS923,34083459,174,False,26356,2012-04-20 15:17:43+00:00,True,77856
2022-11-27 16:36:55+00:00,1596905922999488512,Basij deputy Qasem Quraishi has claimed that #Qatar provided the complete list of Iranian nationals who traveled https://t.co/sGLU9mVxn6,22899683,Omid_M,United States,2961,5052,https://pbs.twimg.com/profile_images/1499429145599746060/aL6mQyGR_normal.jpg,,,https://pbs.twimg.com/profile_images/1499429145599746060/aL6mQyGR_normal.jpg,Omid_M,"Journalist, Analyst, @ucbsoj, #Iran, #Politics, #Journalism, #Media, #MiddleEast, #Art, Communications Director at @dawnmenaorg",,105469,2846,False,812,2009-03-05 09:03:35+00:00,True,8231
2022-11-29 09:31:06+00:00,1597523538969526273,"RT @sarahpromos: PUBLIC SALE IS NOW LIVE!
 
#Mint . #Stake . #Earn $BIB
 
It's your chance to own and collect the hottest #WORLDCUP #NFT an",1594277851347705858,kjinxzwins,,2165,0,https://pbs.twimg.com/profile_images/1594301620921434118/x1-_7PfE_normal.jpg,,,https://pbs.twimg.com/profile_images/1594301620921434118/x1-_7PfE_normal.jpg,kjinxzwins,#MAYVARMY,,27,532,False,0,2022-11-20 10:34:05+00:00,False,2113
2022-11-29 09:31:05+00:00,1597523534938791938,"RT @sarahpromos: PUBLIC SALE IS NOW LIVE!
 
#Mint . #Stake . #Earn $BIB
 
It's your chance to own and collect the hottest #WORLDCUP #NFT an",794053971438632961,jeVGO7,,2165,0,https://pbs.twimg.com/profile_images/1593952650013319169/JBTEDUB6_normal.jpg,,,https://pbs.twimg.com/profile_images/1593952650013319169/JBTEDUB6_normal.jpg,jeVGO7,heyyo,,168,365,False,8,2016-11-03 05:49:54+00:00,False,27812
2022-11-29 09:31:05+00:00,1597523533084897281,"RT @FomoSportsnft: FomoSports #WorldCup NFT 
Mint to Win 124,000

Choose 1 team
Get Passive Dividend &amp; Airdrop &amp; Champion pot
L",1526562200,Jafirman_,Indonesia,2383,0,https://pbs.twimg.com/profile_images/1596433994115321856/nIyX1wgv_normal.jpg,,,https://pbs.twimg.com/profile_images/1596433994115321856/nIyX1wgv_normal.jpg,Jafirman_,Jangan pernah berhenti untuk berusaha,,1102,1399,False,10,2013-06-18 03:09:01+00:00,False,201360
2022-11-29 09:31:04+00:00,1597523530622849026,"RT @sarahpromos: PUBLIC SALE IS NOW LIVE!
 
#Mint . #Stake . #Earn $BIB
 
It's your chance to own and collect the hottest #WORLDCUP #NFT an",1594623624412962816,Wowwinciye123,,2165,0,https://pbs.twimg.com/profile_images/1594624008003063808/hWQ81rel_normal.png,,,https://pbs.twimg.com/profile_images/1594624008003063808/hWQ81rel_normal.png,Wowwinciye123,"kambek stelah ilang lagi
@.woyiwin123 @.wowbigwin1cya @.0xwinwincyapi @.naclyenxiwin123
free tag yaaa sepuasnyaa~",,54,518,False,0,2022-11-21 09:28:30+00:00,False,1001
2022-11-29 09:31:04+00:00,1597523530534780928,"RT @sarahpromos: PUBLIC SALE IS NOW LIVE!
 
#Mint . #Stake . #Earn $BIB
 
It's your chance to own and collect the hottest #WORLDCUP #NFT an",1570621286979895300,inumaki_15,hunter giveaway ,2165,0,https://pbs.twimg.com/profile_images/1596793344608256000/N2RPypP-_normal.jpg,,,https://pbs.twimg.com/profile_images/1596793344608256000/N2RPypP-_normal.jpg,inumaki_15,for all hosts : you can ask me for proofs and please read this üëâhttps://t.co/oaz0RMNmMD,https://t.co/vvPLATddqA,33,2757,False,0,2022-09-16 03:51:28+00:00,False,8422
2022-11-29 09:31:02+00:00,1597523521802063874,"Tue, 29th Nov: #Wales vs #England - ODD @ 2.04
More details on: https://t.co/qcM4CoBNfr
#soccertips https://t.co/PdpsH3QvGq",1129011233494061056,Soccerbets_365,Internet,0,0,https://pbs.twimg.com/profile_images/1223565300572000258/gbclBEoj_normal.png,,,https://pbs.twimg.com/profile_images/1223565300572000258/gbclBEoj_normal.png,Soccerbets_365,Soccer bets 365 (from the creators of #BETPORTAL) - always some good Soccer Tips. #Soccer #Predictions for every single day in the year.,https://t.co/m3Rgm2bqI3,1992,924,False,2,2019-05-16 13:10:28+00:00,False,8850
2022-11-29 09:31:01+00:00,1597523518190944258,"RT @sarahpromos: PUBLIC SALE IS NOW LIVE!
 
#Mint . #Stake . #Earn $BIB
 
It's your chance to own and collect the hottest #WORLDCUP #NFT an",1380218821307326464,plaeb0ir,mars ,2165,0,https://pbs.twimg.com/profile_images/1595110762456158208/-6u4MgqB_normal.jpg,,,https://pbs.twimg.com/profile_images/1595110762456158208/-6u4MgqB_normal.jpg,plaeb0ir,glory is all His üôèüèª #6Ô∏è‚É£5Ô∏è‚É£üéπ üç™ $COOKIES NEXT SHIB üç™,,111,4211,False,11,2021-04-08 18:00:04+00:00,False,28535
2022-11-29 09:31:00+00:00,1597523514113884162,"The last game of England against the USA was great to watch, we cant wait until tonight to see England succeed all https://t.co/TGPsa5wiAq",978326075947220992,4_PointZero,London,0,0,https://pbs.twimg.com/profile_images/978327194752770048/Jy5YMlDZ_normal.jpg,,,https://pbs.twimg.com/profile_images/978327194752770048/Jy5YMlDZ_normal.jpg,4_PointZero,"Your business portal. We analyse, we understand the processes, and we recommend the best software for your business.",https://t.co/jyeVD2vpxZ,521,2532,False,0,2018-03-26 17:41:27+00:00,False,1706
2022-11-29 09:31:00+00:00,1597523513593966594,"RT @gekisaka: 

#
#


J
https://t.co/kqGB5mOrzY

# # 
#jfa #daihyo #SAMURA",1104359716434567170,tank_torami,,42,0,https://pbs.twimg.com/profile_images/1106937238569410560/eqlAycfX_normal.jpg,,,https://pbs.twimg.com/profile_images/1106937238569410560/eqlAycfX_normal.jpg,tank_torami,"Â∑ùÂ¥é„Éï„É≠„É≥„Çø„Éº„É¨üê¨ChelseaFCüèÜÂ∫ÉÂ≥∂Êù±Ê¥ã„Ç´„Éº„ÉóüéèÂ≤°Â±±„Ç∑„Éº„Ç¨„É´„Ç∫üèê„Éï„Ç°„Ç∏„Ç¢„Éº„ÉéÂ≤°Â±±‚öΩÊñ∞„Åó„ÅÑÂú∞Âõ≥/È¶ôÂèñÊÖéÂêæ
„Äå„ÅÑ„ÅÑ„Å≠‚ù§Ô∏è„Äç„ÅÇ„Çä„Åå„Å®„ÅÜ„Åî„Åñ„ÅÑ„Åæ„Åô",,3,26,False,0,2019-03-09 12:34:09+00:00,False,955
2022-11-29 09:31:00+00:00,1597523510116888578,"RT @FomoSportsnft: FomoSports #WorldCup NFT 
Mint to Win 124,000

Choose 1 team
Get Passive Dividend &amp; Airdrop &amp; Champion pot
L",2349274159,GuntSpecs,,2383,0,https://pbs.twimg.com/profile_images/1594909880078733312/m3v_NW_R_normal.jpg,,,https://pbs.twimg.com/profile_images/1594909880078733312/m3v_NW_R_normal.jpg,GuntSpecs,Bersyukur üôè Berdoa ü§≤ Berusaha üí™,,141,4706,False,0,2014-02-18 00:22:54+00:00,False,32376
2022-11-29 09:30:59+00:00,1597523508631781377,"Now join WPAT, share $10,000USD! 

Before Dec. 9th, predict who will win the World Cup Championship, then you share https://t.co/Un03xrsLmE",1156744534329442304,JeffYou49725419,Taiwan,0,0,https://pbs.twimg.com/profile_images/1454987237507366913/HmwJqQhz_normal.jpg,,,https://pbs.twimg.com/profile_images/1454987237507366913/HmwJqQhz_normal.jpg,JeffYou49725419,"WPAT forex marketing team. Looking for business partners in forex. 
Contact me on:
WhatsApp: +886 976181973
Telegram: @JeffYongHuang",,78,244,False,0,2019-08-01 01:52:43+00:00,False,233
2022-11-29 09:30:56+00:00,1597523495101296641,"RT @SirKunt: $150 in 36 Hours 

 RT &amp; Sign-up
https://t.co/3dNw0YM2FS

#Mint . #Stake . #Earn $BIB
 
25,000,000 #BIBTokens to be given a",758927479033647105,pickawlah,,441,0,https://pbs.twimg.com/profile_images/1594902319053045760/UklsIJ8L_normal.jpg,,,https://pbs.twimg.com/profile_images/1594902319053045760/UklsIJ8L_normal.jpg,pickawlah,‚òæ  ‚Å∫‚†ÄÀñ üåè make yourself comfortable here üòâ. @Andalu51a suspended,,139,239,False,0,2016-07-29 07:29:46+00:00,False,317
2022-11-27 16:36:55+00:00,1596905922026418178,I just earned the 'World Pint (2022)' badge on @untappd! https://t.co/dV0RpcFi91 #football #fifaworldcup #worldcup,38417118,ToSchToSch,Recklinghausen,0,0,https://pbs.twimg.com/profile_images/931578732418097156/cySl1AO4_normal.jpg,,,https://pbs.twimg.com/profile_images/931578732418097156/cySl1AO4_normal.jpg,ToSchToSch,"Germanist & Anglist; hat fr√ºher mal unterrichtet, jetzt weggelobt worden. Feuerwehrmann im Ehrenamt",,713,548,False,57,2009-05-07 12:02:57+00:00,False,48945
2022-11-27 16:36:55+00:00,1596905921300824065,"RT @TeamEricZemmour: Violences en cours  Bruxelles aprs le match #marocbelgique 
#MAR #WorldCup #WorldCup2022 #Violence https://t.co/oGI",1500152799308492810,jfjfrancois1,"B√©ziers, France",17,0,https://pbs.twimg.com/profile_images/1510340508803112967/Y0fYdJOi_normal.jpg,,,https://pbs.twimg.com/profile_images/1510340508803112967/Y0fYdJOi_normal.jpg,jfjfrancois1,Rien  Oui De Gaulle et  √âric zemmour M√™me combat La France,,2302,4971,False,2,2022-03-05 16:55:25+00:00,False,11663
2022-11-27 16:36:54+00:00,1596905915801686016,"RT @HananyaNaftali: Lets talk about the elephant in the room.

While Arab football fans boycott Israelis at the World Cup, they happily us",1300241146430369792,saffronstrength,India,558,0,https://pbs.twimg.com/profile_images/1300243099415842817/PII7aVes_normal.jpg,,,https://pbs.twimg.com/profile_images/1300243099415842817/PII7aVes_normal.jpg,saffronstrength,"Proud Hindu, Love India, love my roots üïâ
#JaiShriRam",,5,92,False,0,2020-08-31 01:17:15+00:00,False,989
2022-11-27 16:36:52+00:00,1596905910684700672,Up to watch #canada and first goal in a couple of mins #worldcup #gocanada #goal https://t.co/yBtgzRm00O,15853454,derekbowen,"Nanaimo, British Columbia",0,0,https://pbs.twimg.com/profile_images/1566240734046724096/dqra0TRh_normal.jpg,,,https://pbs.twimg.com/profile_images/1566240734046724096/dqra0TRh_normal.jpg,derekbowen,Retired from working in IT in the public sector and proud of it. Living the dream on Vancouver Island. Hiker ü•æ Foodie ü¶ê Dog Owner üê∂ Geek üéÆ Travel ‚úàÔ∏è,,514,724,False,42,2008-08-14 17:59:34+00:00,False,4451
2022-11-27 16:36:52+00:00,1596905908772143104,DAMN! #WorldCup,256770081,NikkF07,,0,0,https://pbs.twimg.com/profile_images/1523086658815631362/LnedOUtR_normal.jpg,,,https://pbs.twimg.com/profile_images/1523086658815631362/LnedOUtR_normal.jpg,NikkF07,üá®üá¶ #SteelerNation #HereWeGo,,3048,802,False,53,2011-02-24 01:34:43+00:00,False,183728
2022-11-27 16:36:52+00:00,1596905908239355904,RT @AdamMilstein: #Qatars disastrous #WorldCup is so xenophobic that some fans are now attacking Arab journalists accusing them of being I,1012750715419287552,stein_til,,798,0,https://pbs.twimg.com/profile_images/1222836327055532032/nhN8pPuZ_normal.jpg,,,https://pbs.twimg.com/profile_images/1222836327055532032/nhN8pPuZ_normal.jpg,stein_til,"Member of the family of humanity.
The idea of 'gender roles' is absolute nonsense. Do not ever tell us that we should or should not do.",,604,480,False,17,2018-06-29 17:32:41+00:00,False,100156
2022-11-27 16:36:51+00:00,1596905907064999937,"Alhamdulilah 
#moroccobelgium #Morocco # #worldcup https://t.co/SzXpb5HCpO",1512488061376028672,Toufirelaaa,,0,1,https://pbs.twimg.com/profile_images/1596905612213886980/S4FsWx-A_normal.jpg,,,https://pbs.twimg.com/profile_images/1596905612213886980/S4FsWx-A_normal.jpg,Toufirelaaa,"Retweeting any good ideas about #FPL only for my sake ü¶Ñ
This acc is just for fun, nothing serious ‚ù§
ŸÅŸä ÿßŸàŸÇÿßÿ™ ÿßŸÑŸÖŸÑŸÑÿå ÿßŸÇŸàŸÖ ÿ®ÿÆŸÑŸÇ ŸÜŸÇÿßÿ¥ÿßÿ™ ÿ≥ÿßÿÆŸÜŸá ŸÑŸÑÿ™ÿ±ŸÅŸäŸá",,29,168,False,0,2022-04-08 17:50:41+00:00,False,2076
2022-11-27 16:36:51+00:00,1596905904561360896,"RT @NEBfinance: Croatia Canada
 
Choose your favorite team and choose the score, 
only those who guess the score can get 100doge
bsc a",490302993,cmlikvc,"ƒ∞stanbul, T√ºrkiye",1113,0,https://pbs.twimg.com/profile_images/1574020670220128256/8J2OMQCx_normal.jpg,,,https://pbs.twimg.com/profile_images/1574020670220128256/8J2OMQCx_normal.jpg,cmlikvc,,,161,1151,False,2,2012-02-12 12:29:09+00:00,False,2857
2022-11-27 16:36:48+00:00,1596905893538729984,"RT @KookCharts: Koreas 2nd most read newspaper Dong-A Ilbo on Jungkooks performance at #WorldCup:

Jungkook alone filled the main perfor",1211584442940059648,vivian_kvjk,"Bangkok, Thailand",320,0,https://pbs.twimg.com/profile_images/1595434992095485952/JlgIi_sX_normal.jpg,,,https://pbs.twimg.com/profile_images/1595434992095485952/JlgIi_sX_normal.jpg,vivian_kvjk,"üêØtoüê∞  è·¥è·¥ú ·¥Ñ·¥Ä…¥'·¥õ …¢·¥á·¥õ ·¥Ä·¥°·¥Ä è “ì Ä·¥è·¥ç ·¥ç·¥á

üë§ Do you like jellies? üêß In our team,there's heeseung hyung who really likes jellies so I put in some",https://t.co/ne2xfY7hCS,294,1553,False,0,2019-12-30 09:47:10+00:00,False,22838
2022-11-27 16:36:47+00:00,1596905887297572865,Argh. That goal was about 10 minutes in the making. #WorldCup,19769581,rickzamperin,Hamilton,0,2,https://pbs.twimg.com/profile_images/1423246470069817347/mMHijpM__normal.jpg,,,https://pbs.twimg.com/profile_images/1423246470069817347/mMHijpM__normal.jpg,rickzamperin,"Host of Good Morning Hamilton on Global News Radio @AM900CHML üéô First one in, last one out. Realistic Leafs fan. üá®üá¶ üáÆüáπ",https://t.co/QiWmuFTsd1,2684,775,False,106,2009-01-30 14:39:19+00:00,True,37663
2022-11-27 16:36:46+00:00,1596905884768415744,"RT @rvgrapha1: https://t.co/lGsiqgp2rw
https://t.co/lGsiqgp2rw
https://t.co/lGsiqgp2rw

#EFOOTBALL2023 #COPADOMUNDO #WORLDCUP 
PAPAI CRIS #",2876340658,SirBorges007,Brasil,2,0,https://pbs.twimg.com/profile_images/1281708175717281793/ykE5TGuA_normal.jpg,,,https://pbs.twimg.com/profile_images/1281708175717281793/ykE5TGuA_normal.jpg,SirBorges007,"Daysleeper De Sangue Latino, the Maglor Calafalas... üì∫üé¨üé•üéæüé§üé∂üéµ‚úå

S1hT!Vir@H... eu quero paz e arroz!",https://t.co/3ZolXzFNoR,253,402,False,2,2014-11-14 11:49:12+00:00,False,15130
2022-11-27 16:36:46+00:00,1596905882448973825,"@NEBfinance CANADA 2 - 1 CROATIA 

0x687D5161e42efA4E58541dd99A1cA6210D220c1d

@UsamahDiana 
@DianYul62766426 https://t.co/sg7Jb33JiO",1119242484624711680,Debiansxzs,,0,0,https://pbs.twimg.com/profile_images/1591765338248839169/WJrrF07O_normal.jpg,,,https://pbs.twimg.com/profile_images/1591765338248839169/WJrrF07O_normal.jpg,Debiansxzs,#zkApes,,165,309,False,1,2019-04-19 14:12:57+00:00,False,920
2022-11-27 16:36:46+00:00,1596905882172133376,@GwynfiU Watching @NewportCounty reminds me of the day we got a result on #SomertonParj against https://t.co/yiTWlA3C89,542692898,RayWilkins90,,0,0,https://pbs.twimg.com/profile_images/1190242470665302024/_TRiENoC_normal.jpg,,,https://pbs.twimg.com/profile_images/1190242470665302024/_TRiENoC_normal.jpg,RayWilkins90,"Taff living in England.Ex football,ex basketball,ex rugby union,ex rugby league,ex tennis,ex hockey.Golfer https://t.co/CxqS5GRTG7 you get older your balls get smaller!!",,2309,2043,False,53,2012-04-01 17:08:59+00:00,False,22492
2022-11-27 16:36:45+00:00,1596905879559106560,Canada on fumes. Clear the damn ball. #CROCAN #WorldCup,24944752,RealMBB,A Place With No Snow.,0,0,https://pbs.twimg.com/profile_images/1568401842631069696/kmfEeiVj_normal.jpg,,,https://pbs.twimg.com/profile_images/1568401842631069696/kmfEeiVj_normal.jpg,RealMBB,Canadian turned Florida Man.,,1124,305,False,67,2009-03-17 20:11:44+00:00,False,217061
2022-11-27 16:36:44+00:00,1596905874596896769,"RT @TeamEricZemmour: Gros dbordements en cours  Bruxelles aprs la victoire du #Maroc face  la #Belgique. 
#marocbelgique #WorldCup #Br",1565384986609475584,tximinoa64,,142,0,https://pbs.twimg.com/profile_images/1585593086469705729/HWhDdlJW_normal.jpg,,,https://pbs.twimg.com/profile_images/1585593086469705729/HWhDdlJW_normal.jpg,tximinoa64,En basque: ¬´¬†Sorgin Matea¬†¬ª veut dire : ¬´¬†ma sorci√®re bien aim√©e¬†¬ª! üá´üá∑üê©üé∂üìöüèâüçæüåä !,,400,1070,False,0,2022-09-01 17:04:16+00:00,False,7200
2022-11-27 16:36:43+00:00,1596905871631687681,"      #WorldCup2022

 3   :
   
 https://t.co/NCAKuobZvD
  https://t.co/nzC9WAA1Kp",1586114406945013761,PearDAO_Arabic,,0,0,https://pbs.twimg.com/profile_images/1586114965982920705/8gq4fWMu_normal.jpg,,,https://pbs.twimg.com/profile_images/1586114965982920705/8gq4fWMu_normal.jpg,PearDAO_Arabic,ÿ•ŸÜ PEAR ŸáŸà ÿ≥ŸàŸÇ ŸÑÿß ŸÖÿ±ŸÉÿ≤Ÿä ŸäŸáÿØŸÅ ŸÑÿ™ŸàŸÅŸäÿ± ÿ≥ŸàŸÇ ÿ≠ÿ± Ÿäÿ≥ŸáŸÑ ÿ™ÿ®ÿßÿØŸÑ ÿßŸÑÿ≥ŸÑÿπ ŸàÿßŸÑŸÇŸäŸÖÿ© ÿ®ÿßÿ≥ÿ™ÿÆÿØÿßŸÖ ŸÜÿ∏ÿßŸÖ ÿØŸÅÿπ ŸÑÿßŸÖÿ±ŸÉÿ≤Ÿä (ÿßŸÑÿπŸÖŸÑÿßÿ™ ÿßŸÑŸÖÿ¥ŸÅÿ±ÿ©) Ÿàÿ≥ŸàŸÇ ŸÑÿßŸÖÿ±ŸÉÿ≤Ÿä (ÿ¥ÿ®ŸÉÿ© Pear) Ÿàÿ≥Ÿäÿ∑ ŸÑÿß ŸÖÿ±ŸÉÿ≤Ÿä (PearDAO),,36,2,False,0,2022-10-28 21:55:44+00:00,False,33
2022-11-27 16:36:43+00:00,1596905869958160385,"RT @WCCMetaWhips: What team are you rooting for? 
#WorldCup2022 #WorldCup #NFT https://t.co/YAByqrdkPU",354516992,flimflanman1,,1,0,https://pbs.twimg.com/profile_images/1594795949808820226/fDVWFbSP_normal.jpg,,,https://pbs.twimg.com/profile_images/1594795949808820226/fDVWFbSP_normal.jpg,flimflanman1,RAD CATS,,162,202,False,2,2011-08-13 21:16:11+00:00,False,2125
2022-11-27 16:36:42+00:00,1596905865554325504,to e to #cro #WorldCup,851895001613299717,FAVORICC,,0,2,https://pbs.twimg.com/profile_images/1584316387991994369/F2fap7r6_normal.jpg,,,https://pbs.twimg.com/profile_images/1584316387991994369/F2fap7r6_normal.jpg,FAVORICC,shitposter,,868,756,False,0,2017-04-11 20:29:30+00:00,False,39725
2022-11-27 16:36:41+00:00,1596905865134702592,"RT @ManUtd:  @RaphaelVarane  @ChrisEriksen8  

#MUFC || #WorldCup https://t.co/eMESmLx781",1230474085446098944,RedDevil1988,"Swaffham, England ",1073,0,https://pbs.twimg.com/profile_images/1591740057450414080/3ZnNfyAV_normal.jpg,,,https://pbs.twimg.com/profile_images/1591740057450414080/3ZnNfyAV_normal.jpg,RedDevil1988,"Manchester United FC üî¥‚ö™‚ö´‚öΩüî∞‚ù§üí´34 years old, R.I.P Michael Elcombeüò≠üíî 26.6.18   @ManUtd, @LisandrMartinez,  @Cristiano, @antony00, @agarnacho7 #CR7 #Eng",,4181,4926,False,0,2020-02-20 12:47:56+00:00,False,28595
2022-11-27 16:36:39+00:00,1596905856658182147,CRAP! #WorldCup,108106506,justbeingaj,Toronto,0,0,https://pbs.twimg.com/profile_images/1442136813213126658/m6bF4DG-_normal.jpg,,,https://pbs.twimg.com/profile_images/1442136813213126658/m6bF4DG-_normal.jpg,justbeingaj,CEO @shes4sports | #Entrepreneur and Communications @uoft #blm,https://t.co/imJwR9C3BJ,2798,4496,False,186,2010-01-24 21:45:44+00:00,False,16857
2022-11-27 16:36:37+00:00,1596905847510433792,RT @HananyaNaftali: Arabs in the World Cup Refuse To Speak With Israeli Media.  #WorldCup #Qatar https://t.co/7TMm2sYZAb,1596142449440743424,gautier834,,111,0,https://pbs.twimg.com/profile_images/1596142555917344768/D-xDMvyO_normal.png,,,https://pbs.twimg.com/profile_images/1596142555917344768/D-xDMvyO_normal.png,gautier834,,,15,118,False,0,2022-11-25 14:03:34+00:00,False,152
2022-11-27 16:36:30+00:00,1596905816581251072,"RT @SahilPavel: Peter Drury 
#WorldCup https://t.co/U5tWrvtpT9",1303959839677186049,sanidhyak0205,"Bengaluru, India",398,0,https://pbs.twimg.com/profile_images/1593939685436690433/vIsbfPU-_normal.jpg,,,https://pbs.twimg.com/profile_images/1593939685436690433/vIsbfPU-_normal.jpg,sanidhyak0205,Blah blah blah lads,,1,61,False,0,2020-09-10 07:34:01+00:00,False,53
2022-11-27 16:36:29+00:00,1596905812298964993,RT @milyonerunicorn: @pg_vendetta Parma is one of the strongest clubs in the A series The fans of the Parma team are very hooligan. Supply,1112649200,maydi73,Member of #coinborsafamily üöÄ,1,0,https://pbs.twimg.com/profile_images/475978183884701696/UcAaM5Mi_normal.jpeg,,,https://pbs.twimg.com/profile_images/475978183884701696/UcAaM5Mi_normal.jpeg,maydi73,üß≤üõ∏üß≤üéØüß≤üî•,,304,958,False,10,2013-01-22 21:10:24+00:00,False,16290
2022-11-27 16:36:26+00:00,1596905800504872960,RT @FahadAlkubaisi:             #          ,1376123594498007044,Ilylittleheart,France,25743,0,https://pbs.twimg.com/profile_images/1376283146015105024/6Gi_U0Ts_normal.jpg,,,https://pbs.twimg.com/profile_images/1376283146015105024/6Gi_U0Ts_normal.jpg,Ilylittleheart,-R-,,15,67,False,0,2021-03-28 10:47:19+00:00,False,529
2022-11-27 16:36:26+00:00,1596905798734843904,"Somehow, even the #WorldCup has reminded people they hate #JamesCorden

This weeks #SRNow is on the Notsam YouTub https://t.co/p7tjxogCd6",17936412,notsam,NY,3,14,https://pbs.twimg.com/profile_images/1593353857001742336/C7A_Iykx_normal.jpg,,,https://pbs.twimg.com/profile_images/1593353857001742336/C7A_Iykx_normal.jpg,notsam,The Last Professional Broadcaster- Jim Norton & Sam Roberts Mornings on SiriusXM 103; Notsam Wrestling Podcast-Mondays; WWE Guy. YouTube.,https://t.co/Cbpkaq3nMv,141566,1863,False,1505,2008-12-07 04:58:16+00:00,True,39643
2022-11-27 16:36:24+00:00,1596905793387106304,Grhazard est finito ptn #BELMAR #WorldCup #CoupeDuMondeFIFA,703516327261179904,elie_ant,"Bruxelles, Saturne",0,1,https://pbs.twimg.com/profile_images/1506270674989588481/SRk-D6yW_normal.jpg,,,https://pbs.twimg.com/profile_images/1506270674989588481/SRk-D6yW_normal.jpg,elie_ant,,,89,100,False,0,2016-02-27 09:45:38+00:00,False,880
2022-11-27 16:36:23+00:00,1596905789561544704," Canada's first ever World Cup goal
 The fastest goal at the 2022 #FIFAWorldCup

It just HAD to be Alphonso Davie https://t.co/BewxgQOo5Y",2599190818,ogy_emy,,0,0,https://pbs.twimg.com/profile_images/1585614940836175878/H3OlysTS_normal.jpg,,,https://pbs.twimg.com/profile_images/1585614940836175878/H3OlysTS_normal.jpg,ogy_emy,,,40499,31663,False,5,2014-06-11 00:16:41+00:00,False,83684
2022-11-27 16:36:23+00:00,1596905788806942720,RT @Saudi_Gazette: #BREAKING: WHAT A VICTORY #Morocco stun Belgium for their third win in #WorldCup history https://t.co/Gh076f5m1E,3042177804,pattys0033,The World - Always Real üíé,28,0,https://pbs.twimg.com/profile_images/1542686390332186624/zYbJt8ZY_normal.jpg,,,https://pbs.twimg.com/profile_images/1542686390332186624/zYbJt8ZY_normal.jpg,pattys0033,"The Good. The Bad. The Ugly. 
Daily News - üì∞ üå∑

The Light Shines. Public Awareness. Politically Incorrect.

#Truthmatters #JusticeMatters 
#GodMatters ‚öñÔ∏èüíØ",,1078,1767,False,1,2015-02-26 03:07:54+00:00,False,65362
2022-11-27 16:36:20+00:00,1596905774789251072,"RT @StarSports: Find a more historic 11-minute overlap in Canadian sports history 

10:51: First ever #DavisCup championship 
11:02: Fi",109096512,Hugh310,"Toronto, Ontario",25,0,https://pbs.twimg.com/profile_images/558482805877776385/KKVOD3Ct_normal.jpeg,,,https://pbs.twimg.com/profile_images/558482805877776385/KKVOD3Ct_normal.jpeg,Hugh310,The greatest thing you'll ever learn is just to love and be loved in return.,,214,467,False,10,2010-01-27 23:46:44+00:00,False,14490
2022-11-27 16:36:19+00:00,1596905771937452032,m9( )!! # #WorldCup #NHK,114049458,ikiadara,„Åä„ÇÇ„Åó„Çç TOKYO = Exciting Tokyo,0,0,https://pbs.twimg.com/profile_images/1665593571/twitter_icon_normal.PNG,,,https://pbs.twimg.com/profile_images/1665593571/twitter_icon_normal.PNG,ikiadara,"http://t.co/XdqFnYlNIq
http://t.co/zPCtfJ8tvu ÂÆüÊ≥ÅÊ∞ë
http://t.co/Ra2Hfc1x9p VU„Çπ„É¨ROMÊ∞ë

„Éâ„É©„Éº„É´„Ç™„Ç¶„Ç´„É≥„ÅÆÈ†É„Åã„Çâ„ÅÆÂÜÖÁî∞ÂçöÈ®éÊâã„Éï„Ç°„É≥",,136,668,False,9,2010-02-13 23:20:53+00:00,False,33940
2022-11-27 16:36:19+00:00,1596905771585114112,"RT @MoreDaysofJuan:  to the #WorldCup Final ! 
Theyre a joy to watch. 
Herdmans the real deal in Coaching",1380161206472867846,RookyChito,,1,0,https://pbs.twimg.com/profile_images/1380162151084650505/srJXP2Kg_normal.jpg,,,https://pbs.twimg.com/profile_images/1380162151084650505/srJXP2Kg_normal.jpg,RookyChito,"Hello, here for the Esport news and shitposts.",,53,174,False,0,2021-04-08 14:11:06+00:00,False,1254
2022-11-27 16:36:18+00:00,1596905764815527938,"RT @TeamEricZemmour: Gros dbordements en cours  Bruxelles aprs la victoire du #Maroc face  la #Belgique. 
#marocbelgique #WorldCup #Br",1402969200843497478,Kinadelacouze,"Limoges, France",142,0,https://abs.twimg.com/sticky/default_profile_images/default_profile_normal.png,,,https://abs.twimg.com/sticky/default_profile_images/default_profile_normal.png,Kinadelacouze,,,514,449,False,0,2021-06-10 12:41:57+00:00,False,29396
2022-11-27 16:36:15+00:00,1596905753990008837,This is the depolarisation World Cup; the so-called lesser nations have progressed and the established football https://t.co/jNVSQjpSTq,14733683,jamielabate,England,0,0,https://pbs.twimg.com/profile_images/1549735214376689665/vjr6QcQn_normal.jpg,,,https://pbs.twimg.com/profile_images/1549735214376689665/vjr6QcQn_normal.jpg,jamielabate,I support good times,,673,908,False,31,2008-05-11 13:50:09+00:00,False,2391
2022-11-27 16:36:14+00:00,1596905750483304450,"RT @worldcupcha: Hi #soccerplayers,

Get ready for the biggest #moonshoot of this #WorldCup
Our #Tokenomics are unique and will bring our p",1592286369774288896,beach001_c,,61,0,https://pbs.twimg.com/profile_images/1595167721204944912/M25tWoRI_normal.jpg,,,https://pbs.twimg.com/profile_images/1595167721204944912/M25tWoRI_normal.jpg,beach001_c,,,35,90,False,0,2022-11-14 22:40:38+00:00,False,86
2022-11-27 16:36:13+00:00,1596905746058293249,Watch the #worldcup #Canada vs #Croatia at Wingporium.   What a crowds! Go Canada Go @ Wingporium Toronto https://t.co/LQSynILkdh,326145594,DeafDean,"Etobicoke, Ontario, Canada",0,0,https://pbs.twimg.com/profile_images/628226168571834368/KW0nI-gE_normal.jpg,,,https://pbs.twimg.com/profile_images/628226168571834368/KW0nI-gE_normal.jpg,DeafDean,"My personal account where views expressed are my own. Likely to retweet on politics, justice & GOLF!",https://t.co/HlKJuDhLB1,362,645,False,20,2011-06-29 13:07:30+00:00,False,5034
2022-11-27 16:36:12+00:00,1596905741776191494,"RT @Herve_Renard_HR: About last night 

First of the group and qualified, thanks to all the Saudis for the show yesterday ! 

#Herv",1290973867499020288,Layanclouds,,2967,0,https://pbs.twimg.com/profile_images/1529100020800266243/RQNPxyN-_normal.jpg,,,https://pbs.twimg.com/profile_images/1529100020800266243/RQNPxyN-_normal.jpg,Layanclouds,ÿßÿ≥ÿ™ÿ∫ŸÅÿ±ÿßŸÑŸÑŸá ÿßŸÑÿπÿ∏ŸäŸÖ Ÿàÿßÿ™Ÿàÿ® ÿßŸÑŸäŸá üíõ,,96,460,False,0,2020-08-05 11:32:18+00:00,False,1040
2022-11-27 16:36:12+00:00,1596905740064522240,"Australia ruin Tunisias round of 16 chances #football #worldcup

Tunisias chances of scaling the group stage hurd https://t.co/aNkN2wElrQ",1329715044427436033,destiznews,"New York City, Nigeria ",0,1,https://pbs.twimg.com/profile_images/1474153559184789509/gYrymiPe_normal.jpg,,,https://pbs.twimg.com/profile_images/1474153559184789509/gYrymiPe_normal.jpg,destiznews,Destiznews.....live news follow us on our our live ---Destiznews live news..... join us now https://t.co/Xxky2gFu0C live https://t.co/uc8PRg4pie,https://t.co/anNX6tQmoC,2443,4515,False,2,2020-11-20 09:15:56+00:00,False,391
2022-11-27 16:36:10+00:00,1596905732624244738,"RT @SamiraSaid:    ..   
   ..   
Let's Go MOROCCO 
#Morocco # #WorldC",732542100118593536,MalakAmrani3,Royaume du Maroc,282,0,https://pbs.twimg.com/profile_images/1503075301932290049/5ClObWH5_normal.jpg,,,https://pbs.twimg.com/profile_images/1503075301932290049/5ClObWH5_normal.jpg,MalakAmrani3,Business  Controller_Financial Manager Swedish Company,,164,290,False,0,2016-05-17 12:03:41+00:00,False,22452
2022-11-27 16:36:10+00:00,1596905732217401344,"I feel like every single African-Canadian is on my television screen right now. In all seriousness though, Canadas https://t.co/Zb8eAaBtJd",1572192823050485761,TooVashi,,0,0,https://pbs.twimg.com/profile_images/1588502431251546114/ph1o-_U-_normal.jpg,,,https://pbs.twimg.com/profile_images/1588502431251546114/ph1o-_U-_normal.jpg,TooVashi,"Managing ADHD. True crime, old school pro wrestling, comedy movies/shows, fantasy sports, cats, lifting, softball, and all types of ill shit.",https://t.co/qTkWUbXBNj,4,6,False,0,2022-09-20 11:56:01+00:00,False,97
2022-11-27 16:36:10+00:00,1596905732053823489,Australia ruin Tunisias round of 16 chances #football #worldcup https://t.co/ayHrU3H7xq,1329715044427436033,destiznews,"New York City, Nigeria ",0,1,https://pbs.twimg.com/profile_images/1474153559184789509/gYrymiPe_normal.jpg,,,https://pbs.twimg.com/profile_images/1474153559184789509/gYrymiPe_normal.jpg,destiznews,Destiznews.....live news follow us on our our live ---Destiznews live news..... join us now https://t.co/Xxky2gFu0C live https://t.co/uc8PRg4pie,https://t.co/anNX6tQmoC,2443,4515,False,2,2020-11-20 09:15:56+00:00,False,391
2022-11-27 16:36:09+00:00,1596905728857452544,Australia ruin Tunisias round of 16 chances #football #worldcup https://t.co/ayHrU3Yazq,1329715044427436033,destiznews,"New York City, Nigeria ",0,1,https://pbs.twimg.com/profile_images/1474153559184789509/gYrymiPe_normal.jpg,,,https://pbs.twimg.com/profile_images/1474153559184789509/gYrymiPe_normal.jpg,destiznews,Destiznews.....live news follow us on our our live ---Destiznews live news..... join us now https://t.co/Xxky2gFu0C live https://t.co/uc8PRg4pie,https://t.co/anNX6tQmoC,2443,4515,False,2,2020-11-20 09:15:56+00:00,False,391
2022-11-27 16:36:08+00:00,1596905725707530241,RT @kunalkohli: Either the #fifa rankings are totally off. Or the lower rated teams wanna show what theyre capable of. This #FIFAWorldCu,814602750,SammeyCart,,1,0,https://pbs.twimg.com/profile_images/1486012149952806912/T-TVXd7M_normal.jpg,,,https://pbs.twimg.com/profile_images/1486012149952806912/T-TVXd7M_normal.jpg,SammeyCart,ü§∑‚Äç‚ôÇÔ∏è,,56,233,False,7,2012-09-10 06:33:31+00:00,False,12812
2022-11-27 16:36:04+00:00,1596905706867036160,"RT @jfa_samuraiblue:     
 

1 
2 
3  
4 

 vs   11/28 4:00()",1087133860494663680,SaitousanGamer,Êó•Êú¨,981,0,https://pbs.twimg.com/profile_images/1575630113101979648/LNiLhb0D_normal.jpg,,,https://pbs.twimg.com/profile_images/1575630113101979648/LNiLhb0D_normal.jpg,SaitousanGamer,WCS/YCSJ/YUDT/Êó•Êú¨ÈÅ∏ÊâãÊ®©„ÄêÈùíÁúº„ÅÆÁôΩÈæç„Äë     „Éñ„É©„ÉÉ„ÇØ‰ºÅÊ•≠(ÈÖçÁÆ°Â∑•)„Éï„Ç°„Ç§„Ç¢„É¨„ÉÉ„ÉâTwitterÂÆüÊ≥Å,,85,96,False,0,2019-01-20 23:44:45+00:00,False,14965
2022-11-27 16:36:02+00:00,1596905700323921935,"RT @SamiraSaid:    ..   
   ..   
Let's Go MOROCCO 
#Morocco # #WorldC",2720643166,MrMorocco007,Royaume du Maroc,282,0,https://pbs.twimg.com/profile_images/1415880582832218115/rXPr4K3j_normal.jpg,,,https://pbs.twimg.com/profile_images/1415880582832218115/rXPr4K3j_normal.jpg,MrMorocco007,üåçüåéüåè,,144,232,False,0,2014-07-22 11:17:42+00:00,False,1076
2022-11-27 16:35:54+00:00,1596905665485643776,RT @KhaledBeydoun: The most Arab/African/Muslim photo from the #WorldCup https://t.co/rROIa2Uz7Q,968105334,ShabbirHucain,Planet Oxygen ,1530,0,https://pbs.twimg.com/profile_images/1586214071975772160/Oh4Y6vJ5_normal.jpg,,,https://pbs.twimg.com/profile_images/1586214071975772160/Oh4Y6vJ5_normal.jpg,ShabbirHucain,,,493,1046,False,0,2012-11-24 14:24:34+00:00,False,30436
2022-11-27 16:35:54+00:00,1596905664387088384,"RT @0xNawarat: #Web3 #WorldCup  

 Gift Package A - #Web OG Role 

Only for 5 #Wristband Holder

Soquest:https://t.co/sz1OoxvM6L https",1368426089932935172,thuhoai76,H√† N·ªôi,637,0,https://pbs.twimg.com/profile_images/1584849940395589633/xSbI8-D7_normal.jpg,,,https://pbs.twimg.com/profile_images/1584849940395589633/xSbI8-D7_normal.jpg,thuhoai76,I'm signal,,506,2308,False,8,2021-03-07 05:00:00+00:00,False,2643
2022-11-27 16:35:52+00:00,1596905656183054336,RT @KhaledBeydoun: The most Arab/African/Muslim photo from the #WorldCup https://t.co/rROIa2Uz7Q,1355520579051261953,SMKhale55692125,"Dhaka, Bangladesh",1530,0,https://pbs.twimg.com/profile_images/1519472399535673345/-GG2slhs_normal.jpg,,,https://pbs.twimg.com/profile_images/1519472399535673345/-GG2slhs_normal.jpg,SMKhale55692125,Me.,,358,4999,False,0,2021-01-30 14:18:36+00:00,False,84042
2022-11-27 16:35:50+00:00,1596905649178570755,"RT @MercatoPlein: Thibaut Courtois aprs la dfaite contre le Maroc :

""La dfaite ? Je n'ai pas grand chose  dire. Ils mritent plus qu",147393579,Julien_Maillard,Paris,41,0,https://pbs.twimg.com/profile_images/1138509817226702849/BMSOGcrQ_normal.jpg,,,https://pbs.twimg.com/profile_images/1138509817226702849/BMSOGcrQ_normal.jpg,Julien_Maillard,"Digital. Classic rock, B-movies, vintage cars, 007, architecture, design, street-art. Paris & Grand Paris. French politics. VP Digital Factory @hagergroup",https://t.co/Ru5cxYVgh1,808,201,False,104,2010-05-24 01:25:29+00:00,False,27829
2022-11-27 16:35:50+00:00,1596905648863973376,"RT @WiseCleaner: Black Friday Giveaway
Cheering for Qatar World Cup

Win $300
$100 x 1
$50 x 4

How to Enter: 
Retweet this tweet",1139034972247941120,CryptoAsia0,Asia,72,0,https://pbs.twimg.com/profile_images/1367714047978737664/9C5yb_gc_normal.jpg,,,https://pbs.twimg.com/profile_images/1367714047978737664/9C5yb_gc_normal.jpg,CryptoAsia0,"Welcome To Crypto Asiaüí™üí™üí™

Dm For Businessüòçüòçüòç",,1993,4471,False,8,2019-06-13 05:01:14+00:00,False,16647
2022-11-27 16:35:47+00:00,1596905638130421760,RT @FahadAlkubaisi: I cant express my gratitude and happiness for my participation in the biggest event of all times the World Cup in my c,1376123594498007044,Ilylittleheart,France,92378,0,https://pbs.twimg.com/profile_images/1376283146015105024/6Gi_U0Ts_normal.jpg,,,https://pbs.twimg.com/profile_images/1376283146015105024/6Gi_U0Ts_normal.jpg,Ilylittleheart,-R-,,15,67,False,0,2021-03-28 10:47:19+00:00,False,529
2022-11-27 16:35:47+00:00,1596905636209471488,Settle down please boys. Feels a little panicky. #WeCAN #CAN #CROCAN #WorldCup #Qatar2022,43422263,Draven1683,Montreal,0,3,https://pbs.twimg.com/profile_images/1591161913379094540/vJ6Nmkye_normal.jpg,,,https://pbs.twimg.com/profile_images/1591161913379094540/vJ6Nmkye_normal.jpg,Draven1683,"#Packers #Habs #Expos #F1 TV junkie, music lover, opinionated fount of useless info & pop culture references. #BLM üåà ally She/Her üá®üá¶ üáÆüáπ üáµüáπ",,2543,1189,False,29,2009-05-29 22:16:27+00:00,False,40049
2022-11-27 16:35:47+00:00,1596905635404451841,"RT @drawi: So geht Motivation. 

Hier der Trainer der Saudis #HerveRenard in der Halbzeitpause als sein Team 0:1 gegen Argentinien zurckla",4172048320,akraschi,Berlin,32,0,https://pbs.twimg.com/profile_images/825804664251756544/8iZv8f4A_normal.jpg,,,https://pbs.twimg.com/profile_images/825804664251756544/8iZv8f4A_normal.jpg,akraschi,‚òÆÔ∏è on üåé,,418,935,False,29,2015-11-12 14:56:27+00:00,False,4235
2022-11-27 16:35:46+00:00,1596905632120311809,RT @Ronin_Samurai47: The straw hat flag did anyone notice #WorldCup #ONEPIECE https://t.co/MYqjoGFVda,820381838615150593,679llg,"La Chaux-de-Fonds, Suisse",375,0,https://pbs.twimg.com/profile_images/1490426373411942400/EYxySu0L_normal.jpg,,,https://pbs.twimg.com/profile_images/1490426373411942400/EYxySu0L_normal.jpg,679llg,ü™ê,,18,99,False,0,2017-01-14 21:27:27+00:00,False,808
2022-11-27 16:35:46+00:00,1596905630945529857," #WorldCup #CopaMundial #Qatar2022 Grupo E: Final en Al Rayyan, @FedeFutbolCRC  venci a @JFA_SamuraiBlue  por 1-0",157841948,MetaGoles,Garup√°,0,0,https://pbs.twimg.com/profile_images/1477688474824323073/3nwS6hw0_normal.jpg,,,https://pbs.twimg.com/profile_images/1477688474824323073/3nwS6hw0_normal.jpg,MetaGoles,Twitter Oficial de https://t.co/ZdMruLVNPh Sitio web del f√∫tbol y el deporte misionero,https://t.co/x9CkEoBt4T,545,719,False,19,2010-06-21 01:56:53+00:00,False,61960
2022-11-27 16:35:44+00:00,1596905624537034753,"RT @StarSports: Find a more historic 11-minute overlap in Canadian sports history 

10:51: First ever #DavisCup championship 
11:02: Fi",25314200,erindavis,Canada,25,0,https://pbs.twimg.com/profile_images/1427718913027104777/Y02twrI3_normal.jpg,,,https://pbs.twimg.com/profile_images/1427718913027104777/Y02twrI3_normal.jpg,erindavis,"Joy Seeker. Podcaster DRIFT w/Erin Davis, Keynote Spkr, MC; Cdn Broadcast Hall of Famer, bestselling author:""MOURNING HAS BROKEN"" HarperCollinsCA  pron: she/her",https://t.co/znWWFJHX8G,29928,620,False,149,2009-03-19 15:13:41+00:00,True,37118
2022-11-27 16:35:44+00:00,1596905624423792640,"EL FENOMENO MESSI EN INDIA Y BANGLADESH POR LA SELECCION ARGENTINA ES SURREAL!!! EL FUTBOL PUEDE TODO.

 #argentina https://t.co/YUOr9xZ815",2858201926,el_oximoron,en la frontera,0,0,https://pbs.twimg.com/profile_images/529368207044669441/xOExTG98_normal.jpeg,,,https://pbs.twimg.com/profile_images/529368207044669441/xOExTG98_normal.jpeg,el_oximoron,‚ÄúThe only true currency in this bankrupt world is what you share with someone else when you‚Äôre uncool.‚Äù,,107,1235,False,1,2014-11-03 03:42:53+00:00,False,2638
2022-11-27 16:35:42+00:00,1596905616521322496,"On Monday, the German football team, which is facing a second consecutive #WorldCup first-round exit, will take on https://t.co/QdyfAdUIJb",1539216116987437056,AssetsFin,"Panama City, Panam√°",1,1,https://pbs.twimg.com/profile_images/1541762149147725824/bKhkwLFn_normal.jpg,,,https://pbs.twimg.com/profile_images/1541762149147725824/bKhkwLFn_normal.jpg,AssetsFin,We are a development team that creates models using machine learning to analyze financial events and publish news about.,https://t.co/Hze1XmcffF,989,3971,False,2,2022-06-21 11:58:29+00:00,False,9495
2022-11-27 16:35:33+00:00,1596905578437431296,RT @AdamMilstein: #Qatars disastrous #WorldCup is so xenophobic that some fans are now attacking Arab journalists accusing them of being I,1498671858765504512,JeromedOrtoli,,798,0,https://pbs.twimg.com/profile_images/1576253675030339584/BdA49HuW_normal.jpg,,,https://pbs.twimg.com/profile_images/1576253675030339584/BdA49HuW_normal.jpg,JeromedOrtoli,,,8,355,False,0,2022-03-01 14:50:01+00:00,False,18
2022-11-27 16:35:31+00:00,1596905570816372736,The beauty of international football is that genuine superstars can be in teams with players from much lower down t https://t.co/9nSmjxSdfF,1502718752361783308,JGsLongThrow,"High Wycombe, England",0,0,https://pbs.twimg.com/profile_images/1502734168463183877/aYKhkBNI_normal.jpg,,,https://pbs.twimg.com/profile_images/1502734168463183877/aYKhkBNI_normal.jpg,JGsLongThrow,"#Football üíô
#WycombeWanderers üíô",,80,67,False,1,2022-03-12 18:51:24+00:00,False,2086
2022-11-27 16:35:29+00:00,1596905560938786821,"RT @TeamEricZemmour: Gros dbordements en cours  Bruxelles aprs la victoire du #Maroc face  la #Belgique. 
#marocbelgique #WorldCup #Br",1566085775942422528,altimort,,142,0,https://pbs.twimg.com/profile_images/1566455592960524291/ko5WZd3E_normal.jpg,,,https://pbs.twimg.com/profile_images/1566455592960524291/ko5WZd3E_normal.jpg,altimort,MANGEUR DE CROCODILE üêäüêäüêäüêäüêäüêäüêäüêäüêäüêäüêäüêäüêäüêäüêäüêäüêäüêäüêäüêäüêäüêäüêäüêäüêäüêäüêäüêäüêäüêäüêäüêäüêäüêäüêä,,1518,2748,False,0,2022-09-03 15:28:57+00:00,False,9119
2022-11-27 16:35:27+00:00,1596905553351315456,"RT @Gate_Nft:  #WorldCup Predictor round 7

 Spain vs Germany

 3  Fantasy Football Mystery Boxhttps://t.co/o23o7wH8c1

 Reply",4154100193,frans112590,"Medan Kota, Indonesia",128,0,https://pbs.twimg.com/profile_images/663793193343823873/CzDa7GLg_normal.jpg,,,https://pbs.twimg.com/profile_images/663793193343823873/CzDa7GLg_normal.jpg,frans112590,I'm thinking about $DATA,,202,1919,False,1,2015-11-07 05:58:49+00:00,False,2941
2022-11-27 16:35:20+00:00,1596905525282996225,"RT @HananyaNaftali: Lets talk about the elephant in the room.

While Arab football fans boycott Israelis at the World Cup, they happily us",1489664904109907969,lisabdandeker,,558,0,https://pbs.twimg.com/profile_images/1597360868085350400/FL0mQR6j_normal.jpg,,,https://pbs.twimg.com/profile_images/1597360868085350400/FL0mQR6j_normal.jpg,lisabdandeker,,,43,202,False,0,2022-02-04 18:19:46+00:00,False,18903
2022-11-27 16:35:19+00:00,1596905520312426499,"Want a cozy, warm (heat lamps!), semi-enclosed place (newly finished) to watch the #WorldCup in #DC? Come out to https://t.co/c7w5ceyVtv",1171530124962852864,metrobardc,Rhode Island Ave NE,5,66,https://pbs.twimg.com/profile_images/1590570500375412736/JalqbkED_normal.jpg,,,https://pbs.twimg.com/profile_images/1590570500375412736/JalqbkED_normal.jpg,metrobardc,"Connecting DCs eight wards. We're an 11,000 sq ft outdoor bar showcasing exclusively local beer, wine, & spirits, and featuring a refurbished metro car! üöá",https://t.co/85Yz0blA2Z,1411,153,False,37,2019-09-10 21:05:28+00:00,False,230
2022-11-27 16:35:18+00:00,1596905513807069184,RT @KhaledBeydoun: The most Arab/African/Muslim photo from the #WorldCup https://t.co/rROIa2Uz7Q,834697970109014017,ShaktiVivo,"Cairo, Egypt",1530,0,https://pbs.twimg.com/profile_images/1555940412019425280/fZoc3M50_normal.jpg,,,https://pbs.twimg.com/profile_images/1555940412019425280/fZoc3M50_normal.jpg,ShaktiVivo,,,307,417,False,2,2017-02-23 09:34:38+00:00,False,21527
2022-11-27 16:35:16+00:00,1596905504579629056,"    :          

   https://t.co/R4YJRMMgSS",1030605984,tribunaua,"Kyiv, Ukraine",0,3,https://pbs.twimg.com/profile_images/1596161481288155137/KrwkH82H_normal.jpg,,,https://pbs.twimg.com/profile_images/1596161481288155137/KrwkH82H_normal.jpg,tribunaua,"üî• –ù–∞–π–∫—Ä–∞—â–∏–π —Å–ø–æ—Ä—Ç–∏–≤–Ω–∏–π —Å–∞–π—Ç –£–∫—Ä–∞—ó–Ω–∏! 
–ù–∞—à—ñ —Å–æ—Ü–º–µ—Ä–µ–∂—ñ: 
Inst: https://t.co/pvf1W4QA4k 
FB: https://t.co/AQfqid3684
TG: https://t.co/O3FdwsvNWZ‚Ä¶",https://t.co/WWwK3nqYmO,24765,8010,False,201,2012-12-23 13:53:43+00:00,True,123109
2022-11-27 16:35:15+00:00,1596905503162269696,RT @TheThinker27: Nice job today @cpulisic_10. Way to hold your ground with England. #EnglandVsUsa #worldcup #TheThinker $TKR https://t.co/,1513575835692937222,MJafarii1234,,3,0,https://pbs.twimg.com/profile_images/1573522369536266262/nq7dmdme_normal.jpg,,,https://pbs.twimg.com/profile_images/1573522369536266262/nq7dmdme_normal.jpg,MJafarii1234,Mohamad. J. J.,,13,4,False,0,2022-04-11 17:53:35+00:00,False,743
2022-11-27 16:35:14+00:00,1596905500251070464,Morocco shocked Belgium in a 2-0 win in their second match at the 2022 #WorldCup on Sunday and move top of a wide-o https://t.co/monf4eT1kU,1291619622765158400,1FootballStats,Toronto,0,0,https://pbs.twimg.com/profile_images/1321977625330540545/FWdWIy4__normal.jpg,,,https://pbs.twimg.com/profile_images/1321977625330540545/FWdWIy4__normal.jpg,1FootballStats,All you need to know about your favorite football/soccer club,,55,33,False,3,2020-08-07 06:18:23+00:00,False,4401
2022-11-27 16:35:14+00:00,1596905498951180289,#Croatia was the finalist of the last #WorldCup ...it will be surprise if they get out of group stages...#Qatar2022,797529463,IamNOTcrazy__,"Cyprus,Nicosia",0,0,https://pbs.twimg.com/profile_images/990647055155593216/To5Bf3l1_normal.jpg,,,https://pbs.twimg.com/profile_images/990647055155593216/To5Bf3l1_normal.jpg,IamNOTcrazy__,"I tweet about sports‚öΩüèÄüéæ&whatever.don't know english. Digital worldüá®üáæüá¨üá∑üá™üá∫
Hollywood‚ô•Ô∏èüá∫üá≤
Building the future&keeping past alive are one in the same",,279,1350,False,17,2012-09-02 04:49:15+00:00,False,78884
2022-11-27 16:35:10+00:00,1596905481263808512,"RT @magpiexyz_io: @BNBCHAIN's #Football Fiesta has arrived!

To celebrate, Magpie is running a #Giveaway for #BAB Token holders!

500 l",1246063955484778496,Christpher_Do,üå¥üå¥,6470,0,https://pbs.twimg.com/profile_images/1591499587189080064/eB2jCPDX_normal.jpg,,,https://pbs.twimg.com/profile_images/1591499587189080064/eB2jCPDX_normal.jpg,Christpher_Do,"Cr_toü™ô

#BlueMove #MOVErs",,576,2374,False,0,2020-04-03 13:16:33+00:00,False,9483
2022-11-27 16:35:08+00:00,1596905473499975682,"NEW VIDEO OUT NOW! #YouTube 

#BEL vs #MAR REVIEW! 

https://t.co/Bb2yhWr7RG

#BELMAR #BelgiumVsMorocco #WorldCup https://t.co/9sfYOul2W7",1358884286116597761,Jeto345,,0,1,https://pbs.twimg.com/profile_images/1544256947893014530/NSxUsR5V_normal.jpg,,,https://pbs.twimg.com/profile_images/1544256947893014530/NSxUsR5V_normal.jpg,Jeto345,Just a guy who loves FUTBOL and Prison Break ü§åüèæ,https://t.co/8o9JKTWj3W,70,187,False,0,2021-02-08 21:04:13+00:00,False,10277
2022-11-27 16:35:07+00:00,1596905470408593408,RT @KhaledBeydoun: Moroccan  players pray after earning 1 of the African nations biggest #WorldCup wins ever over  https://t.co/OIxnkh,786300228710326272,_iamsalim254,"Lamu, Kenya",428,0,https://pbs.twimg.com/profile_images/1067697682486042624/-scIL8ml_normal.jpg,,,https://pbs.twimg.com/profile_images/1067697682486042624/-scIL8ml_normal.jpg,_iamsalim254,Peace & Love.,,1974,1831,False,1,2016-10-12 20:19:18+00:00,False,16555
2022-11-27 16:35:05+00:00,1596905460367753217,RT @NoMoreNATO: Seems like a wise choice by #Qatar to ban alcohol at the #WorldCup,722613459268038656,We_LoveRussia,"Paris, France",67,0,https://pbs.twimg.com/profile_images/1511802646193229832/yZsl_BVW_normal.jpg,,,https://pbs.twimg.com/profile_images/1511802646193229832/yZsl_BVW_normal.jpg,We_LoveRussia,We stand with Russia üá∑üá∫üá∑üá∫üá∑üá∫üá∑üá∫,,584,326,False,4,2016-04-20 02:30:49+00:00,False,52024
2022-11-27 16:35:03+00:00,1596905453459570690,RT @AdamMilstein: #Qatars disastrous #WorldCup is so xenophobic that some fans are now attacking Arab journalists accusing them of being I,28716792,lauragoldmeier,"Creve Coeur, MO",798,0,https://abs.twimg.com/sticky/default_profile_images/default_profile_normal.png,,,https://abs.twimg.com/sticky/default_profile_images/default_profile_normal.png,lauragoldmeier,Retired ob-gyn. Loves Israel!!,,613,1070,False,3,2009-04-04 02:15:09+00:00,False,31827
2022-11-27 16:34:56+00:00,1596905423130742784,I just earned the 'World Pint (2022)' badge on @untappd! https://t.co/YE9wWfwFVG #football #fifaworldcup #worldcup,75296125,rbrtwillis,Northwest Suburb of Philly,0,0,https://pbs.twimg.com/profile_images/1460361227/5bca34b3-75c5-4e2f-8a71-bf34dd0a75af_normal.png,,,https://pbs.twimg.com/profile_images/1460361227/5bca34b3-75c5-4e2f-8a71-bf34dd0a75af_normal.png,rbrtwillis,"Birder, Brewer, BBQ'er, Builder and Philadelphia Eagles",http://t.co/7YXv1STZEl,206,830,False,24,2009-09-18 14:41:53+00:00,False,18359
2022-11-27 16:34:56+00:00,1596905423092977664,https://t.co/AJBc8I5UN7 #SurvivorSeries #WWE #SamiZayn #RomanReigns #TheBloodline #AEW #AEWDynamite #WorldCup https://t.co/FmJZSPjcVt,1540517534688071680,8tracBrown,,0,0,https://pbs.twimg.com/profile_images/1540518681716858880/HkK6ahNh_normal.jpg,,,https://pbs.twimg.com/profile_images/1540518681716858880/HkK6ahNh_normal.jpg,8tracBrown,,,133,178,False,0,2022-06-25 02:10:10+00:00,False,1265
2022-11-27 16:34:56+00:00,1596905421289435137,"Crocia x Canad
#CROxCAN  #WordCup2022 #GloboNaCopa #FIFAWorldCup #Qatar2022 #QatarWorldCup2022 https://t.co/h1zQeoz0zE",236019931,andrepsf1,Brasil,1,0,https://pbs.twimg.com/profile_images/1594679847313342465/TPPaPHcm_normal.jpg,,,https://pbs.twimg.com/profile_images/1594679847313342465/TPPaPHcm_normal.jpg,andrepsf1,#automobilismo #motogp #miniaturas  #futebol  #nba  #voleifeminino  #corridasderua,,528,352,False,12,2011-01-09 16:26:36+00:00,False,112630
2022-11-27 16:34:51+00:00,1596905400951271425,"RT @sportsrage: #WorldCup 
CAN + 240
CAN + 0.5 
CAN - CRO BOTH TEAMS TO SCORE 
CRO - OV 1.5 CARDS
TOTAL CARDS OV 4.5 
CORNER IN 1ST 9.59 
@",1583864048,Adamk_9,"Oshawa, Ontario, Canada",1,0,https://pbs.twimg.com/profile_images/1532473379227324416/_yeQwP9O_normal.jpg,,,https://pbs.twimg.com/profile_images/1532473379227324416/_yeQwP9O_normal.jpg,Adamk_9,Dad.  Sports fan.  Fishing & Hunting.  Leafs Raps Jays TFC Argos.  EPL.  huge NFL Fan too Ravens / Bills.  Married.,,102,658,False,4,2013-07-10 19:35:02+00:00,False,9850
2022-11-27 16:34:50+00:00,1596905398417911808,"LAS SORPRESAS NO PARAN!

#Marruecos vence a #Blgica y es lder del grupo F

#futbol #football #worldcup https://t.co/kk8PvMOJEl",1249129649528901632,futadictosmx,"Chilapa de √Ålvarez, Gro",0,0,https://pbs.twimg.com/profile_images/1594203722300608512/T4uBrw2b_normal.jpg,,,https://pbs.twimg.com/profile_images/1594203722300608512/T4uBrw2b_normal.jpg,futadictosmx,VIVE EL F√öTBOL COMO SE DEBE‚Ä¶‚öΩÔ∏è‚ù§Ô∏è,,30,19,False,0,2020-04-12 00:18:25+00:00,False,4433
2022-11-27 16:34:49+00:00,1596905394995351552,"RT @jfa_samuraiblue: 

FIFA # 2
#SAMURAIBLUE 0-1 

19:00KO()
#/#ABEMA
https://t.co/o9AYPNBq2s

#jfa",2338520856,di1_mc2,,3599,0,https://pbs.twimg.com/profile_images/510606677360398337/qAUVvFBM_normal.jpeg,,,https://pbs.twimg.com/profile_images/510606677360398337/qAUVvFBM_normal.jpeg,di1_mc2,Á´∂È¶¨„ÄÄÂ§ßÂ•Ω„Åç„Åß„Åô„ÄÇÂ•Ω„Åç„Å™È¶¨„É©„É≥„Ç≠„É≥„Ç∞ 1‰Ωç„Éá„Ç£„Éº„Éó„Ç§„É≥„Éë„ÇØ„Éà 2‰Ωç„Éû„É≥„Éè„ÉÉ„Çø„É≥„Ç´„Éï„Çß 3‰Ωç„ÉÄ„É≥„Çπ„Ç§„É≥„Ç∂„ÉÄ„Éº„ÇØ 4‰Ωç„Ç≠„Ç∫„Éä ÔºàÈ´òÊ†°Áîü„Åã„ÇâÊú¨Ê†ºÁöÑ„Å´Á´∂È¶¨Ë¶ã„Å¶„ÅÑ„Åæ„Åô„ÄÇÔºâ,,5,33,False,0,2014-02-11 15:05:56+00:00,False,256
2022-11-27 16:34:48+00:00,1596905387910799361,"RT @Elde_fut: #WorldCup

Felix va faire du mal aux dfenses avec sa carte STORIES

#CoupeDuMonde #WorldCup2022 #FUT23 #FUT #CoupeDuMonde2",1617606698,Elde_fut,Suisse,14,0,https://pbs.twimg.com/profile_images/1549371003347820545/5qwcEzAX_normal.jpg,,,https://pbs.twimg.com/profile_images/1549371003347820545/5qwcEzAX_normal.jpg,Elde_fut,"‚ñ∂ Actu, News, Leaks #FIFA23 #FUT23 #FUT
‚ñ∂ https://t.co/b7K9WQJOIU‚Ä¶ code remise %: Elde31
‚ñ∂ https://t.co/3YwsuEJylH
‚ñ∂ https://t.co/dZFI5IXBfq
‚ñ∂ Modo Discord @Fansdefut",,12885,75,False,18,2013-07-24 12:00:33+00:00,False,4702
2022-11-27 16:34:45+00:00,1596905378503331845,"RT @Elde_fut: #WorldCup

Pedri devrait avoir une belle carte Stories

#CoupeDuMonde #WorldCup2022 #FUT23 #FUT #CoupeDuMonde2022 #FIFA23 h",1617606698,Elde_fut,Suisse,8,0,https://pbs.twimg.com/profile_images/1549371003347820545/5qwcEzAX_normal.jpg,,,https://pbs.twimg.com/profile_images/1549371003347820545/5qwcEzAX_normal.jpg,Elde_fut,"‚ñ∂ Actu, News, Leaks #FIFA23 #FUT23 #FUT
‚ñ∂ https://t.co/b7K9WQJOIU‚Ä¶ code remise %: Elde31
‚ñ∂ https://t.co/3YwsuEJylH
‚ñ∂ https://t.co/dZFI5IXBfq
‚ñ∂ Modo Discord @Fansdefut",,12885,75,False,18,2013-07-24 12:00:33+00:00,False,4702
2022-11-27 16:34:45+00:00,1596905376963653633,RT @AdamMilstein: #Qatars disastrous #WorldCup is so xenophobic that some fans are now attacking Arab journalists accusing them of being I,453955595,Piet_Heyn,#HistorischDelfshaven ,798,0,https://pbs.twimg.com/profile_images/1568322347265937409/1O0RbDB__normal.jpg,,,https://pbs.twimg.com/profile_images/1568322347265937409/1O0RbDB__normal.jpg,Piet_Heyn,"Uit de tijd van het #Vrije_Volk en de #waarheid niet #Links of #Rechts maar #Recht door #Zee,¬Æ #Hollander, #Gepensioneerd #Experience_expert, Motto Carpe Diem.",https://t.co/b6g5kQOl9m,12189,651,False,246,2012-01-03 13:24:42+00:00,False,290016
2022-11-27 16:34:39+00:00,1596905351605293056,RT @KhaledBeydoun: The most Arab/African/Muslim photo from the #WorldCup https://t.co/rROIa2Uz7Q,1214237927821045760,IYCshakeelAhmad,"Mumbai, India",1530,0,https://pbs.twimg.com/profile_images/1574317780874174464/5-QXJ0xD_normal.jpg,,,https://pbs.twimg.com/profile_images/1574317780874174464/5-QXJ0xD_normal.jpg,IYCshakeelAhmad,"Member - INDIAN YOUTH CONGRESS @IYC |                     

followed by IYC National President @srinivasiyc",https://t.co/iBDzKy8NZ8,2312,1585,False,0,2020-01-06 17:31:09+00:00,False,21380
2022-11-27 16:34:37+00:00,1596905342029377536,"RT @HananyaNaftali: Lets talk about the elephant in the room.

While Arab football fans boycott Israelis at the World Cup, they happily us",1269726776210731009,AriasElsiaMeli,"Original Ari Era, Œ≥ŒªœçŒ∫Œ± ŒºŒøœÖ ",558,0,https://pbs.twimg.com/profile_images/1592936086476656640/Vk0-9poK_normal.jpg,,,https://pbs.twimg.com/profile_images/1592936086476656640/Vk0-9poK_normal.jpg,AriasElsiaMeli,"Winterfylleth MarCheshvan, Morning tweets, United üåêüó∫ wheat ◊ê◊ï÷π◊® one",,91,363,False,0,2020-06-07 20:24:07+00:00,False,14373
2022-11-27 16:34:34+00:00,1596905330151403521,"RT @gekisaka: !24W!!GL8
https://t.co/YVDieJFauo
# #W # #WorldCup https://t.co/lmn4bwwdxi",495193500,idolinger14,„ÅÆ„Å©„Åã„Å™ÂÜÖÈô∏ÈÉ®ÔºèSmile,162,0,https://pbs.twimg.com/profile_images/562653434864599041/W9548sWu_normal.jpeg,,,https://pbs.twimg.com/profile_images/562653434864599041/W9548sWu_normal.jpeg,idolinger14,ÂØå‚ÜíWest‚ÜíÊ¢®UnivÂçí/„É¥„Ç°„É≥„Éï„Ç©„Éº„É¨Áî≤Â∫ú„Ç¥„Éº„É´Ë£è„ÉªÂÖÉÂøúÊè¥Âõ£‰ΩìÊâÄÂ±û„Éª„Çµ„ÉùÊ≠¥23Âπ¥ÁõÆÔºãÈÅãÂñ∂Êâã‰ºù„ÅÑ/Â∞èÁÄ¨196Ë©¶ÂêàÈÄ£Á∂öË¶≥Êà¶(Á¥ÑÔºôÂπ¥Èñì)/Êù±‰∫¨„É§„ÇØ„É´„Éà„Çπ„ÉØ„É≠„Éº„Ç∫Â§ñÈáéÂ∏≠/„Éù„Éº„Éà„É¨„Éº„ÉàinÂ±±Ê¢®/„Çπ„Éù„Éº„ÉÑË¶≥Êà¶‚Üí‚öΩÔ∏è‚öæÔ∏èüéæüèâüèêü•åüèá‚õ∏üéΩüèìüèä‚Äç‚ôÇÔ∏èüèåÔ∏è‚Äç‚ôÇÔ∏èüè∏,https://t.co/x1IYJaw0b6,835,384,False,19,2012-02-17 18:07:02+00:00,False,98569
